S. No ,Category,Generic Name,Brand Name,Company,Dosage Form,Indication,Adverse Effects,Generic Price (Rs),Brand Price (Rs),Savings (%),Drug Interaction,
1,"Analgesic,Antipyretic",Paracetamol,Crocin 650 mg,GlaxoSmithKline Pharmaceuticals Ltd,Tablet,"Fever, Pain","Nausea, rash",14.07,15,6.2,May increase risk of bleeding with regular use of Warfarin; risk of liver damage with heavy alcohol use.,
2,"Analgesic,Antipyretic",Paracetamol,Calpol 650mg,GlaxoSmithKline Pharmaceuticals Ltd,Tablet,Fever,Allergy,14.07,32.04,56.08,May increase risk of bleeding with regular use of Warfarin; risk of liver damage with heavy alcohol use.,
3,"Analgesic,Antipyretic",Paracetamol,Dolo 650,MIcro Labs Ltd,Tablet,"Fever, Pain",Allergy,14.07,32.12,56.21,May increase risk of bleeding with regular use of Warfarin; risk of liver damage with heavy alcohol use.,
4,"Analgesic,Antipyretic",Paracetamol,Pyricool,Alkem Laboratories Ltd,Tablet,"Fever, Pain",Allergy,14.07,42.84,67.15,May increase risk of bleeding with regular use of Warfarin; risk of liver damage with heavy alcohol use.,
5,"Analgesic,Antipyretic",Paracetamol,Paracip,Cipla Ltd,Tablet,"Fever, Pain",Allergy,14.07,32,56.03,May increase risk of bleeding with regular use of Warfarin; risk of liver damage with heavy alcohol use.,
6,"Analgesic,Antipyretic",Ibuprofen+Paracetamol 400/325 mg,BRUFEN P 400-325 mg,Abbott India Ltd,Tablet,Pain,GI irritation,7.5,33.49,77.6,Increases bleeding risk with anticoagulants (Warfarin); may reduce effectiveness of BP medications.,
7,"Analgesic,Antipyretic",Ibuprofen+Paracetamol 400/325 mg,COMBIFLAM,Sanofi India Ltd,Tablet,Pain,GI irritation,7.5,57.45,86.95,Increases bleeding risk with anticoagulants (Warfarin); may reduce effectiveness of BP medications.,
8,"Analgesic,Antipyretic",Ibuprofen+Paracetamol 400/325 mg,IBUGESIC PLUS,Cipla Ltd,Tablet,Pain,GI irritation,7.5,37.72,80.12,Increases bleeding risk with anticoagulants (Warfarin); may reduce effectiveness of BP medications.,
9,"Analgesic,Antipyretic",Ibuprofen+Paracetamol 400/325 mg,MAXOFEN PLUS,Abott Health Care,Tablet,Pain,GI irritation,7.5,23.3,67.82,Increases bleeding risk with anticoagulants (Warfarin); may reduce effectiveness of BP medications.,
10,"Analgesic,Antipyretic",Ibuprofen+Paracetamol 400/325 mg,IBUSULE,Franklin Laboratories,Tablet,Pain,GI irritation,7.5,21.56,65.21,Increases bleeding risk with anticoagulants (Warfarin); may reduce effectiveness of BP medications.,
11,"Analgesic,Antipyretic",Diclofenac gastro resistant tablet 50 mg,VOVERAN D 50 mg,Dr. Reddy's Laboratories Ltd,Tablet,Pain,Ulcer,5.16,21.74,76.27,Increases bleeding risk with anticoagulants (Warfarin); may reduce effectiveness of BP medications.,
12,"Analgesic,Antipyretic",Aceclofenac tablet 100mg,ZERODOL 100 mg,Ipca Laboratories Ltd,Tablet,Pain,Dizziness,7.5,67.22,88.84,Increases bleeding risk with anticoagulants (Warfarin); may reduce effectiveness of BP medications.,
13,"Analgesic,Antipyretic",Aceclofenac tablet 100mg,ASONAC,Zee Laboratories,Tablet,Pain,Dizziness,7.5,25,70,Increases bleeding risk with anticoagulants (Warfarin); may reduce effectiveness of BP medications.,
14,"Analgesic,Antipyretic",Aceclofenac tablet 100mg,FORTAFEN,Alembic Pharmaceuticals Ltd,Tablet,Pain,Dizziness,7.5,26.5,71.7,Increases bleeding risk with anticoagulants (Warfarin); may reduce effectiveness of BP medications.,
15,"Analgesic,Antipyretic",Aceclofenac tablet 100mg,ACENEXT,Cadila Pharmaceuticals Ltd,Tablet,Pain,Dizziness,7.5,36.75,79.6,Increases bleeding risk with anticoagulants (Warfarin); may reduce effectiveness of BP medications.,
16,"Analgesic,Antipyretic",Aceclofenac tablet 100mg,DOLOKIND,Mankind Pharmaceuticals,Tablet,Pain,Dizziness,7.5,39.93,81.22,Increases bleeding risk with anticoagulants (Warfarin); may reduce effectiveness of BP medications.,
17,"Analgesic,Antipyretic",Mefenamic acid tablet 250 mg,MEFTAL 250 mg,Blue Cross Laboratories Ltd,Tablet,Pain,Diarrhea,9.38,21.56,56.49,Increases bleeding risk with anticoagulants (Warfarin); may reduce effectiveness of BP medications.,
18,"Analgesic,Antipyretic",Aspirin 325 mg,DISPRIN 325 mg,Reckitt Benckiser India Ltd,Tablet,Pain,Bleeding,4.69,7.03,33.29,Increases bleeding risk with anticoagulants (Warfarin); may reduce effectiveness of BP medications.,
19,"Analgesic,Antipyretic",Aspirin 325 mg,ECOSPRIN,USV Pvt Ltd,Tablet,Pain,Bleeding,4.69,10,53.1,Increases bleeding risk with anticoagulants (Warfarin); may reduce effectiveness of BP medications.,
20,"Analgesic,Antipyretic",Tramadol 37.5mg + Paracetamol 325 mg,ULTRACET 325/ 37.5 mg,Janssen Pharmaceuticals Pvt Ltd,Tablet,Pain,Drowsiness,12.38,295.69,95.81,Risk of Serotonin Syndrome with SSRIs; dangerous CNS depression with Alcohol or Benzodiazepines.,
21,"Analgesic,Antipyretic",Tramadol 37.5mg + Paracetamol 325 mg,ACVVIN,Abott Health Care,Tablet,Pain,Drowsiness,12.38,258.24,95.21,Risk of Serotonin Syndrome with SSRIs; dangerous CNS depression with Alcohol or Benzodiazepines.,
22,"Analgesic,Antipyretic",Tramadol 37.5mg + Paracetamol 325 mg,ULTRAM,MIcro Labs Ltd,Tablet,Pain,Drowsiness,12.38,205.3,93.97,Risk of Serotonin Syndrome with SSRIs; dangerous CNS depression with Alcohol or Benzodiazepines.,
23,"Analgesic,Antipyretic",Tramadol 37.5mg + Paracetamol 325 mg,ULTRAMED,Pharmed.Ltd,Tablet,Pain,Drowsiness,12.38,200.63,93.83,Risk of Serotonin Syndrome with SSRIs; dangerous CNS depression with Alcohol or Benzodiazepines.,
24,"Analgesic,Antipyretic",Tramadol 37.5mg + Paracetamol 325 mg,TRAMEF P,Alkem Laboratories Ltd,Tablet,Pain,Drowsiness,12.38,160,92.26,Risk of Serotonin Syndrome with SSRIs; dangerous CNS depression with Alcohol or Benzodiazepines.,
25,"Analgesic,Antipyretic",Ketorolac tromethamine tablet 10 mg,KETOROL 10 mg,Dr. Reddy's Laboratories Ltd,Tablet,Severe pain,GI upset,9.38,86.95,89.21,Increases bleeding risk with anticoagulants (Warfarin); may reduce effectiveness of BP medications.,
26,"Analgesic,Antipyretic",Ketorolac tromethamine tablet 10 mg,CADOLAC,Cadila Pharmaceuticals Ltd,Tablet,Severe pain,GI upset,9.38,50.5,81.43,Increases bleeding risk with anticoagulants (Warfarin); may reduce effectiveness of BP medications.,
27,"Analgesic,Antipyretic",Ketorolac tromethamine tablet 10 mg,KELAC,Intac Pharmaceuticals Ltd,Tablet,Severe pain,GI upset,9.38,52.03,81.98,Increases bleeding risk with anticoagulants (Warfarin); may reduce effectiveness of BP medications.,
28,"Analgesic,Antipyretic",Ketorolac tromethamine tablet 10 mg,KETOPHER,Mypher Pharmaceuticals Ltd,Tablet,Severe pain,GI upset,9.38,61.88,84.84,Increases bleeding risk with anticoagulants (Warfarin); may reduce effectiveness of BP medications.,
29,"Analgesic,Antipyretic",Ketorolac tromethamine tablet 10 mg,T-LAC,Indoco Pharmaceuticals Ltd,Tablet,Severe pain,GI upset,9.38,86.25,89.13,Increases bleeding risk with anticoagulants (Warfarin); may reduce effectiveness of BP medications.,
30,"Analgesic,Antipyretic",Naproxen tablet 500 mg,NAPROCEN 500 mg,Roche Products India Pvt Ltd,Tablet,Pain,Heartburn,45,147.77,69.54,Increases bleeding risk with anticoagulants (Warfarin); may reduce effectiveness of BP medications.,
31,Antibiotics,Amoxicillin capsule 500 mg,AMOXIL 500 mg,Zydus Heathcare Ltd,Capsule,Infection,Allergy,32.82,77.18,57.48,"Generally safe, but may reduce effectiveness of oral contraceptives.",
32,Antibiotics,Amoxicillin capsule 500 mg,CIPMOX,Cipla Ltd,Capsule,Infection,Allergy,32.82,118,72.2,"Generally safe, but may reduce effectiveness of oral contraceptives.",
33,Antibiotics,Amoxicillin capsule 500 mg,RONEMOX,Abott Health Care,Capsule,Infection,Allergy,32.82,82.32,60.13,"Generally safe, but may reduce effectiveness of oral contraceptives.",
34,Antibiotics,Amoxicillin capsule 500 mg,PULMOXYL,MIcro Labs Ltd,Capsule,Infection,Allergy,32.82,81,59.49,"Generally safe, but may reduce effectiveness of oral contraceptives.",
35,Antibiotics,Amoxicillin capsule 500 mg,MOKLAN,Cadila Pharmaceuticals Ltd,Capsule,Infection,Allergy,32.82,82,59.6,"Generally safe, but may reduce effectiveness of oral contraceptives.",
36,Antibiotics,Amoxicillin+Clavulanate 500/125 mg,AUGMENTIN DUO 500/125 mg,GlaxoSmithKline Pharmaceuticals Ltd,Tablet,Infection,Diarrhea,62.6,195.39,67.96,"Generally safe, but may reduce effectiveness of oral contraceptives.",
37,Antibiotics,Amoxicillin+Clavulanate 500/125 mg,CLAVAM,Alkem Laboratories Ltd,Tablet,Infection,Diarrhea,62.6,192,67.4,"Generally safe, but may reduce effectiveness of oral contraceptives.",
38,Antibiotics,Amoxicillin+Clavulanate 500/125 mg,MOXIKIND CV,Mankind Pharmaceuticals,Tablet,Infection,Diarrhea,62.6,183,65.79,"Generally safe, but may reduce effectiveness of oral contraceptives.",
39,Antibiotics,Amoxicillin+Clavulanate 500/125 mg,ADVENT,Cipla Ltd,Tablet,Infection,Diarrhea,62.6,195,68,"Generally safe, but may reduce effectiveness of oral contraceptives.",
40,Antibiotics,Amoxicillin+Clavulanate 500/125 mg,MOXCLAV,Sun Pharmaceuticals,Tablet,Infection,Diarrhea,62.6,195,68,"Generally safe, but may reduce effectiveness of oral contraceptives.",
41,Antibiotics,Azithromycin tablet 250 mg,AZITHRAL 250 mg,Alembic Pharmaceuticals Ltd,Tablet,Infection,Nausea,42.19,124.6,66.14,"Can increase blood levels of Statins, Warfarin, and Digoxin.",
42,Antibiotics,Azithromycin tablet 250 mg,AZITOL,Franklin Laboratories,Tablet,Infection,Nausea,42.19,125,66.25,"Can increase blood levels of Statins, Warfarin, and Digoxin.",
43,Antibiotics,Azithromycin tablet 250 mg,AZITH,Zee Laboratories,Tablet,Infection,Nausea,42.19,132,68,"Can increase blood levels of Statins, Warfarin, and Digoxin.",
44,Antibiotics,Azithromycin tablet 250 mg,AZOMYCIN,CIpla Ltd,Tablet,Infection,Nausea,42.19,78,45.9,"Can increase blood levels of Statins, Warfarin, and Digoxin.",
45,Antibiotics,Azithromycin tablet 250 mg,ZITHROKEM,Alkem Laboratories Ltd,Tablet,Infection,Nausea,42.19,75,43.75,"Can increase blood levels of Statins, Warfarin, and Digoxin.",
46,Antibiotics,Ciprofloxacin Hydrochloride 250 mg,CIPLOX 250 mg,Cipla Ltd,Tablet,Infection,Tendon pain,10.32,23.61,56.3,"Absorption reduced by Antacids, Iron, or Dairy; may increase Theophylline levels.",
47,Antibiotics,Ciprofloxacin Hydrochloride 250 mg,CIPROVA,Lupin Ltd,Tablet,Infection,Tendon pain,10.32,21,50.86,"Absorption reduced by Antacids, Iron, or Dairy; may increase Theophylline levels.",
48,Antibiotics,Ciprofloxacin Hydrochloride 250 mg,ALCIFLOX,Alkem Laboratories Ltd,Tablet,Infection,Tendon pain,10.32,23,55.13,"Absorption reduced by Antacids, Iron, or Dairy; may increase Theophylline levels.",
49,Antibiotics,Ciprofloxacin Hydrochloride 250 mg,FLOXIP,Abbott Health Care,Tablet,Infection,Tendon pain,10.32,23,55.13,"Absorption reduced by Antacids, Iron, or Dairy; may increase Theophylline levels.",
50,Antibiotics,Ciprofloxacin Hydrochloride 250 mg,CIPROLET N,Dr. Reddy's Laboratories Ltd,Tablet,Infection,Tendon pain,10.32,23.32,55.75,"Absorption reduced by Antacids, Iron, or Dairy; may increase Theophylline levels.",
51,Antibiotics,Ofloxacin tablet 200 mg,OFLIN 200 mg,Zydus Laboratories Ltd,Tablet,Infection,Dizziness,13.13,112.5,88.33,"Absorption reduced by Antacids, Iron, or Dairy; may increase Theophylline levels.",
52,Antibiotics,Ofloxacin tablet 200 mg,OFLOX,Cipla Ltd,Tablet,Infection,Dizziness,13.13,110,88,"Absorption reduced by Antacids, Iron, or Dairy; may increase Theophylline levels.",
53,Antibiotics,Ofloxacin tablet 200 mg,NICOFLOX,Abbott Health Care,Tablet,Infection,Dizziness,13.13,103.5,87.32,"Absorption reduced by Antacids, Iron, or Dairy; may increase Theophylline levels.",
54,Antibiotics,Ofloxacin tablet 200 mg,ZANOCIN,Ranbaxy Laboratories,Tablet,Infection,Dizziness,13.13,102,87.13,"Absorption reduced by Antacids, Iron, or Dairy; may increase Theophylline levels.",
55,Antibiotics,Ofloxacin tablet 200 mg,ZENKIND,Mankind Pharmaceuticals,Tablet,Infection,Dizziness,13.13,96,86.32,"Absorption reduced by Antacids, Iron, or Dairy; may increase Theophylline levels.",
56,Antibiotics,Levofloxacin tablet 250 mg,LEVOFLOX 250 mg,Cipla Ltd,Tablet,Infection,Headache,16.88,51.45,67.2,"Absorption reduced by Antacids, Iron, or Dairy; may increase Theophylline levels.",
57,Antibiotics,Levofloxacin tablet 250 mg,LOVOLKEM,Alkem Laboratories Ltd,Tablet,Infection,Headache,16.88,55,69.31,"Absorption reduced by Antacids, Iron, or Dairy; may increase Theophylline levels.",
58,Antibiotics,Levofloxacin tablet 250 mg,LF,Finecure Pharmaceuticals,Tablet,Infection,Headache,16.88,52,67.54,"Absorption reduced by Antacids, Iron, or Dairy; may increase Theophylline levels.",
59,Antibiotics,Levofloxacin tablet 250 mg,LQVIN,Cipla Ltd,Tablet,Infection,Headache,16.88,51,66.9,"Absorption reduced by Antacids, Iron, or Dairy; may increase Theophylline levels.",
60,Antibiotics,Levofloxacin tablet 250 mg,LEVOMAC,Macleods Pharmaceuticals,Tablet,Infection,Headache,16.88,51.45,67.19,"Absorption reduced by Antacids, Iron, or Dairy; may increase Theophylline levels.",
61,Antibiotics,Cefixime tablet 200 mg,TAXIM-O 200 mg,Alkem Laboratories Ltd,Tablet,Infection,Diarrhea,49.69,104.43,52.41,"Generally safe, but may reduce effectiveness of oral contraceptives.",
62,Antibiotics,Cefixime tablet 200 mg,ALCEFO,MIcro Labs Ltd,Tablet,Infection,Diarrhea,49.69,220,77.41,"Generally safe, but may reduce effectiveness of oral contraceptives.",
63,Antibiotics,Cefixime tablet 200 mg,ZIMKING,Aptus Pharmaceuticals,Tablet,Infection,Diarrhea,49.69,140,64.51,"Generally safe, but may reduce effectiveness of oral contraceptives.",
64,Antibiotics,Cefixime tablet 200 mg,LEBAY,Leben Laboratories,Tablet,Infection,Diarrhea,49.69,123,59.6,"Generally safe, but may reduce effectiveness of oral contraceptives.",
65,Antibiotics,Cefixime tablet 200 mg,TRICEF,Dr. Reddy's Laboratories Ltd,Tablet,Infection,Diarrhea,49.69,115,56.79,"Generally safe, but may reduce effectiveness of oral contraceptives.",
66,Antibiotics,Cefuroxime axetil tablet 250 mg,CEFTUM 250 mg,GlaxoSmithKline Pharmaceuticals Ltd,Tablet,Infection,Rash,70.32,206.34,65.9,"Generally safe, but may reduce effectiveness of oral contraceptives.",
67,Antibiotics,Cefuroxime axetil tablet 250 mg,ALTACEF,Glenmark Pharmaceuticals Ltd,Tablet,Infection,Rash,70.32,594,88.16,"Generally safe, but may reduce effectiveness of oral contraceptives.",
68,Antibiotics,Cefuroxime axetil tablet 250 mg,CETIL,Lupin Ltd,Tablet,Infection,Rash,70.32,584,87.95,"Generally safe, but may reduce effectiveness of oral contraceptives.",
69,Antibiotics,Cefuroxime axetil tablet 250 mg,ZOCEF,Alkem Laboratories Ltd,Tablet,Infection,Rash,70.32,478,85.29,"Generally safe, but may reduce effectiveness of oral contraceptives.",
70,Antibiotics,Cefuroxime axetil tablet 250 mg,XORIMAX,Novartis India Ltd,Tablet,Infection,Rash,70.32,150,53.12,"Generally safe, but may reduce effectiveness of oral contraceptives.",
71,Antibiotics,Doxycycline capsule 100 mg,DOXICIP 100 mg,Cipla Ltd,Capsule,Infection,Photosensitivity,14.44,60,75.93,"Absorption reduced by Dairy products, Antacids, and Iron supplements.",
72,Antibiotics,Doxycycline capsule 100 mg,DOXYBEN,Leben Laboratories,Capsule,Infection,Photosensitivity,14.44,32,54.88,"Absorption reduced by Dairy products, Antacids, and Iron supplements.",
73,Antibiotics,Doxycycline capsule 100 mg,BIODOX,Zydus Heathcare Ltd,Capsule,Infection,Photosensitivity,14.44,15,3.73,"Absorption reduced by Dairy products, Antacids, and Iron supplements.",
74,Antibiotics,Doxycycline capsule 100 mg,DOCMYCIN,Alembic Pharmaceuticals Ltd,Capsule,Infection,Photosensitivity,14.44,15,3.73,"Absorption reduced by Dairy products, Antacids, and Iron supplements.",
75,Antibiotics,Doxycycline capsule 100 mg,DC,Intas Pharmaceuticals,Capsule,Infection,Photosensitivity,14.44,14.8,2.43,"Absorption reduced by Dairy products, Antacids, and Iron supplements.",
76,Antibiotics,Metronidazole 200 mg,FLAGYL 200 mg,Abbott India Ltd,Tablet,Anaerobic infection,Metallic taste,4.13,13.74,69.94,Severe nausea/vomiting (Disulfiram-like reaction) if taken with Alcohol.,
77,Antibiotics,Metronidazole 200 mg,METROGYL,JB Chemicals,Tablet,Anaerobic infection,Metallic taste,4.13,14,70.5,Severe nausea/vomiting (Disulfiram-like reaction) if taken with Alcohol.,
78,Antibiotics,Metronidazole 200 mg,METGYL,Jagson Pal Pharmaceuticals,Tablet,Anaerobic infection,Metallic taste,4.13,46,91,Severe nausea/vomiting (Disulfiram-like reaction) if taken with Alcohol.,
79,Antibiotics,Linezolid 600 mg,LINOSPAN 600 mg,Cipla Ltd,Tablet,Severe infection,Myelosuppression,54.69,381.03,85.65,Consult a doctor for specific interactions. Generally avoid alcohol and check other meds.,
80,Antibiotics,Linezolid 600 mg,CADLIZO,Cadila Pharmaceuticals Ltd,Tablet,Severe infection,Myelosuppression,54.69,380,85.61,Consult a doctor for specific interactions. Generally avoid alcohol and check other meds.,
81,Antibiotics,Linezolid 600 mg,GENOLID,Geno Pharmaceuticals Ltd,Tablet,Severe infection,Myelosuppression,54.69,399,86.29,Consult a doctor for specific interactions. Generally avoid alcohol and check other meds.,
82,Antibiotics,Linezolid 600 mg,STAFCURE,Dr. Reddy's Laboratories Ltd,Tablet,Severe infection,Myelosuppression,54.69,381,85.64,Consult a doctor for specific interactions. Generally avoid alcohol and check other meds.,
83,Antibiotics,Linezolid 600 mg,BAXYLINZ,Macleods Pharmaceuticals,Tablet,Severe infection,Myelosuppression,54.69,382,85.68,Consult a doctor for specific interactions. Generally avoid alcohol and check other meds.,
84,Antibiotics,Clindamycin capsule 300 mg,DALACIN C 300 mg,Pfizer Ltd,Capsule,Infection,Diarrhea,84.38,297.6,71.64,Consult a doctor for specific interactions. Generally avoid alcohol and check other meds.,
85,Antibiotics,Clindamycin capsule 300 mg,CLINDASURE,Macleods Pharmaceuticals,Capsule,Infection,Diarrhea,84.38,303,72.15,Consult a doctor for specific interactions. Generally avoid alcohol and check other meds.,
86,Antibiotics,Clindamycin capsule 300 mg,CLINICIN,INDI Pharma,Injection,Infection,Diarrhea,84.38,297.78,71.67,Consult a doctor for specific interactions. Generally avoid alcohol and check other meds.,
87,Antibiotics,Clindamycin capsule 300 mg,CLINDOL,Venus Remedies Ltd,Capsule,Infection,Diarrhea,84.38,317,73.38,Consult a doctor for specific interactions. Generally avoid alcohol and check other meds.,
88,Antibiotics,Clindamycin capsule 300 mg,CLIZA,Mypher Pharmaceuticals Ltd,Capsule,Infection,Diarrhea,84.38,253,66.65,Consult a doctor for specific interactions. Generally avoid alcohol and check other meds.,
89,Antibiotics,Rifaximin tablet 400 mg,RIFADOX 400 mg,Sinova Pharma,Tablet,TB,Hepatotoxicity,121.88,318.75,61.76,Consult a doctor for specific interactions. Generally avoid alcohol and check other meds.,
90,Antibiotics,Rifaximin tablet 400 mg,RIFAGUT,Sun Pharmaceuticals Ltd,Tablet,TB,Hepatotoxicity,121.88,450,72.91,Consult a doctor for specific interactions. Generally avoid alcohol and check other meds.,
91,Antibiotics,Rifaximin tablet 400 mg,RCIFAX,Lupin Ltd,Tablet,TB,Hepatotoxicity,121.88,484,74.88,Consult a doctor for specific interactions. Generally avoid alcohol and check other meds.,
92,Antibiotics,Rifaximin tablet 400 mg,RAFLE,Alembic Pharmaceuticals Ltd,Tablet,TB,Hepatotoxicity,121.88,420,71,Consult a doctor for specific interactions. Generally avoid alcohol and check other meds.,
93,Antibiotics,Rifaximin tablet 400 mg,RIFASTOP,Mankind Pharmaceuticals Ltd,Tablet,TB,Hepatotoxicity,121.88,390,68.74,Consult a doctor for specific interactions. Generally avoid alcohol and check other meds.,
94,Antibiotics,Isoniazide tablet 300 mg, SOLONEX 300 mg,Macleods Pharmaceuticals,Tablet,TB,Neuropathy,10,18,44.4,Consult a doctor for specific interactions. Generally avoid alcohol and check other meds.,
95,Antibiotics,Pyrazinamide,PYRANIJ 500 mg,Sunij Pharma Ltd,Tablet,TB,Liver toxicity,15,51,70.6,Consult a doctor for specific interactions. Generally avoid alcohol and check other meds.,
96,Antidiabetic,Metformin hydrochloride 500 mg,GLYCOMET 500 mg,USV Pvt Ltd,Tablet,Diabetes,GI upset,10.32,19.46,46.96,Increased risk of hypoglycemia (low blood sugar) with alcohol or other diabetic medications.,
97,Antidiabetic,Metformin hydrochloride 500 mg,METFOR ,Cipla Ltd,Tablet,Diabetes,GI upset,10.32,36,71.33,Increased risk of hypoglycemia (low blood sugar) with alcohol or other diabetic medications.,
98,Antidiabetic,Metformin hydrochloride 500 mg,ALMETFOR,Alkem Laboratories Ltd,Tablet,Diabetes,GI upset,10.32,30,65.6,Increased risk of hypoglycemia (low blood sugar) with alcohol or other diabetic medications.,
99,Antidiabetic,Metformin hydrochloride 500 mg,METFORTAL,Talent India Ltd,Tablet,Diabetes,GI upset,10.32,45,77.07,Increased risk of hypoglycemia (low blood sugar) with alcohol or other diabetic medications.,
100,Antidiabetic,Metformin hydrochloride 500 mg,ABOMET,Abott Health Care,Tablet,Diabetes,GI upset,10.32,33,68.73,Increased risk of hypoglycemia (low blood sugar) with alcohol or other diabetic medications.,
101,Antidiabetic,Glimepiride 3 mg tablet,AMARYL 3 mg,Sanofi India Ltd,Tablet,Diabetes,Hypoglycemia,6.19,547,98.87,Increased risk of hypoglycemia (low blood sugar) with alcohol or other diabetic medications.,
102,Antidiabetic,Glimepiride 3 mg tablet,ZORYL ,Intas Pharmaceuticals,Tablet,Diabetes,Hypoglycemia,6.19,245,97.47,ncreased risk of hypoglycemia (low blood sugar) with alcohol or other diabetic medications.,
103,Antidiabetic,Glimepiride 3 mg tablet,GLIMY,Dr. Reddy's Laboratories Ltd,Tablet,Diabetes,Hypoglycemia,6.19,193,96.79,ncreased risk of hypoglycemia (low blood sugar) with alcohol or other diabetic medications.,
104,Antidiabetic,Glimepiride 3 mg tablet,AZULIX,Torrent Pharmaceuticals,Tablet,Diabetes,Hypoglycemia,6.19,168,96.31,Increased risk of hypoglycemia (low blood sugar) with alcohol or other diabetic medications.,
105,Antidiabetic,Glimepiride 3 mg tablet,GLIMED,Knoll Healthcare,Tablet,Diabetes,Hypoglycemia,6.19,7,1.15,Increased risk of hypoglycemia (low blood sugar) with alcohol or other diabetic medications.,
106,Antidiabetic,Sitagliptin phosphate 50 mg,JANUVIA 50 mg,Abott Health Care,Tablet,Diabetes,Headache,40.32,271.88,85.17,Increased risk of hypoglycemia (low blood sugar) with alcohol or other diabetic medications.,
107,Antidiabetic,Sitagliptin phosphate 50 mg,SITAGLIP,Anthem Healthcare,Tablet,Diabetes,Headache,40.32,121,66.68,Increased risk of hypoglycemia (low blood sugar) with alcohol or other diabetic medications.,
108,Antidiabetic,Sitagliptin phosphate 50 mg,SITAZIT,Glenmark Pharmaceuticals Ltd,Tablet,Diabetes,Headache,40.32,118,65.83,Increased risk of hypoglycemia (low blood sugar) with alcohol or other diabetic medications.,
109,Antidiabetic,Sitagliptin phosphate 50 mg,SITAPAZ,Akeiss Pharma,Tablet,Diabetes,Headache,40.32,92,56.17,Increased risk of hypoglycemia (low blood sugar) with alcohol or other diabetic medications.,
110,Antidiabetic,Vildagliptin Tablet 50 mg,GALVUS 50 mg,Novartis India Ltd,Tablet,Diabetes,Dizziness,18.75,371.5,94.95,Increased risk of hypoglycemia (low blood sugar) with alcohol or other diabetic medications.,
111,Antidiabetic,Vildagliptin Tablet 50 mg,VYSOV,Cipla Ltd,Tablet,Diabetes,Dizziness,18.75,185,89.86,Increased risk of hypoglycemia (low blood sugar) with alcohol or other diabetic medications.,
112,Antidiabetic,Vildagliptin Tablet 50 mg,JALRA ,USV Pvt Ltd,Tablet,Diabetes,Dizziness,18.75,331,94.34,Increased risk of hypoglycemia (low blood sugar) with alcohol or other diabetic medications.,
113,Antidiabetic,Vildagliptin Tablet 50 mg,VILDAGLY,TAB Q Therapeutics,Tablet,Diabetes,Dizziness,18.75,139,86.51,Increased risk of hypoglycemia (low blood sugar) with alcohol or other diabetic medications.,
114,Antidiabetic,Teneligliptin tablet 20 mg,MYTENELI 20 mg,Elicad Pharmaceuticals,Tablet,Diabetes,Hypoglycemia,18.75,108.9,82.78,Increased risk of hypoglycemia (low blood sugar) with alcohol or other diabetic medications.,
115,Antidiabetic,Teneligliptin tablet 20 mg,TENGLYN,Zydus Lifesciences Ltd,Tablet,Diabetes,Hypoglycemia,18.75,177,89.41,Increased risk of hypoglycemia (low blood sugar) with alcohol or other diabetic medications.,
116,Antidiabetic,Teneligliptin tablet 20 mg,DYNAGLIPT,Mankind Pharmaceuticals Ltd,Tablet,Diabetes,Hypoglycemia,18.75,85,77.94,Increased risk of hypoglycemia (low blood sugar) with alcohol or other diabetic medications.,
117,Antidiabetic,Teneligliptin tablet 20 mg,TENLIMAC,Macleods Pharmaceuticals,Tablet,Diabetes,Hypoglycemia,18.75,88,78.69,Increased risk of hypoglycemia (low blood sugar) with alcohol or other diabetic medications.,
118,Antidiabetic,Teneligliptin tablet 20 mg,TENLIVENT,Univentis Medicare Ltd,Tablet,Diabetes,Hypoglycemia,18.75,32,41.41,Increased risk of hypoglycemia (low blood sugar) with alcohol or other diabetic medications.,
119,Antidiabetic,Insulin Glargine injection,LANTUS 100 IU INJECTION 3 ML,Sanofi India Ltd,Injection,Diabetes,Hypoglycemia,340,2173,84.36,Increased risk of hypoglycemia (low blood sugar) with alcohol or other diabetic medications.,
120,Antidiabetic,Insulin Glargine injection,BASAGLAR 100 IU Cartridge,Cipla Ltd,Cartridge,Diabetes,Hypoglycemia,340,652,47.85,Increased risk of hypoglycemia (low blood sugar) with alcohol or other diabetic medications.,
121,Antidiabetic,Insulin Glargine injection,GLARITUS 100 IU Cartridge,Wockhart Ltd,Cartridge,Diabetes,Hypoglycemia,340,626,45.69,Increased risk of hypoglycemia (low blood sugar) with alcohol or other diabetic medications.,
122,Antidiabetic,Insulin Glargine injection,BASUGINE 100 IU Cartridge,Lupin Ltd,Cartridge,Diabetes,Hypoglycemia,340,652,47.68,Increased risk of hypoglycemia (low blood sugar) with alcohol or other diabetic medications.,
123,Antidiabetic,Insuline Aspart Injection,NOVO RAPID 100 IU INJECTION 10 ML,Novo Nordisk India Pvt Ltd,Injection,Diabetes,Hypoglycemia,350,2553,86.29,Increased risk of hypoglycemia (low blood sugar) with alcohol or other diabetic medications.,
124,Antidiabetic,Insuline Aspart Injection,INSUQUICK 100 IU Cartridge,USV Pvt Ltd,Injection,Diabetes,Hypoglycemia,350,770,54.55,Increased risk of hypoglycemia (low blood sugar) with alcohol or other diabetic medications.,
125,Antidiabetic,Pioglitazone 30 mg,PIOZ 30 mg,USV Pvt Ltd,Tablet,Diabetes,Weight gain,12.38,124,90,Increased risk of hypoglycemia (low blood sugar) with alcohol or other diabetic medications.,
126,Antidiabetic,Pioglitazone 30 mg,PIOGLIT,Sun Pharmaceuticals Ltd,Tablet,Diabetes,Weight gain,12.38,118,89.51,Increased risk of hypoglycemia (low blood sugar) with alcohol or other diabetic medications.,
127,Antidiabetic,Pioglitazone 30 mg,PIOSYS,Systopic Laboratories Ltd,Tablet,Diabetes,Weight gain,12.38,104,88.1,Increased risk of hypoglycemia (low blood sugar) with alcohol or other diabetic medications.,
128,Antidiabetic,Pioglitazone 30 mg,PIOMED,IPCA Pharmaceuticals Ltd,Tablet,Diabetes,Weight gain,12.32,132,90.67,Increased risk of hypoglycemia (low blood sugar) with alcohol or other diabetic medications.,
129,Antidiabetic,Dapagliflozin tablet 10 mg,FORXIGA 10 mg,AstraZeneca Pharma India Ltd,Tablet,Diabetes,UTI,30,510,94.12,Consult a doctor for specific interactions. Generally avoid alcohol and check other meds.,
130,Antidiabetic,Dapagliflozin tablet 10 mg,OXRA,Sun Pharmaceuticals Ltd,Tablet,Diabetes,UTI,30,223,86.55,Consult a doctor for specific interactions. Generally avoid alcohol and check other meds.,
131,Antidiabetic,Dapagliflozin tablet 10 mg,DAPAGLYN,Zydus Heathcare Ltd,Tablet,Diabetes,UTI,30,233,87.12,Consult a doctor for specific interactions. Generally avoid alcohol and check other meds.,
132,Antidiabetic,Dapagliflozin tablet 10 mg,GLIDAPAFLOZIN,Steris Healthcare Ltd,Tablet,Diabetes,UTI,30,110,72.73,Consult a doctor for specific interactions. Generally avoid alcohol and check other meds.,
133,Antidiabetic,Empagliflozin tablet 25 mg,JARDIANCE 25 mg,Boehringer Ingelheim India Pvt Ltd,Tablet,Diabetes,Dehydration,60,300,80,Consult a doctor for specific interactions. Generally avoid alcohol and check other meds.,
134,Antidiabetic,Empagliflozin tablet 25 mg,GLEMPA,Glenmark Pharmaceuticals Ltd,Tablet,Diabetes,Dehydration,60,131,54.2,Consult a doctor for specific interactions. Generally avoid alcohol and check other meds.,
135,Antidiabetic,Empagliflozin tablet 25 mg,GIBTULIO,Lupin Ltd,Tablet,Diabetes,Dehydration,60,159,62.26,Consult a doctor for specific interactions. Generally avoid alcohol and check other meds.,
136,Antidiabetic,Empagliflozin tablet 25 mg,EMPAGREAT,Mankind Pharmaceuticals Ltd,Tablet,Diabetes,Dehydration,60,93,35.48,Consult a doctor for specific interactions. Generally avoid alcohol and check other meds.,
137,Antidiabetic,Empagliflozin tablet 25 mg,EMPAONE,MSN Laboratories Ltd,Tablet,Diabetes,Dehydration,60,155,61.29,Consult a doctor for specific interactions. Generally avoid alcohol and check other meds.,
138,Calcium Channel Blockers,Amlodipine tablet 5 mg,AMLONG 5 mg,Micro Labs Ltd,Tablet,Hypertension,Edema,5,49,89.9,May interact with Grapefruit juice; enhanced BP lowering with other antihypertensives.,
139,Calcium Channel Blockers,Amlodipine tablet 5 mg,AMLO,MED Manor Organics Ltd,Tablet,Hypertension,Edema,5,22,77.27,May interact with Grapefruit juice; enhanced BP lowering with other antihypertensives.,
140,Calcium Channel Blockers,Amlodipine tablet 5 mg,AMLOD L,Acron Healthcare Ltd,Tablet,Hypertension,Edema,5,55,90.91,May interact with Grapefruit juice; enhanced BP lowering with other antihypertensives.,
141,Calcium Channel Blockers,Amlodipine tablet 5 mg,AMLODAC,Zydus Heathcare Ltd,Tablet,Hypertension,Edema,5,80,93.75,May interact with Grapefruit juice; enhanced BP lowering with other antihypertensives.,
142,Calcium Channel Blockers,Amlodipine tablet 5 mg,AMOPRES,Cipla Ltd,Tablet,Hypertension,Edema,5,80,93.75,May interact with Grapefruit juice; enhanced BP lowering with other antihypertensives.,
143,Angiotensin II Receptor Blockers,Losartan tablet 50 mg,LOSAR 50 mg,Unichem Laboratories Ltd,Tablet,Hypertension,Dizziness,11.35,163,93.04,Risk of high potassium (hyperkalemia) with Potassium supplements or Spironolactone.,
144,Angiotensin II Receptor Blockers,Losartan tablet 50 mg,REPACE,Sun Pharmaceuticals Ltd,Tablet,Hypertension,Dizziness,11.35,96,88.18,Risk of high potassium (hyperkalemia) with Potassium supplements or Spironolactone.,
145,Angiotensin II Receptor Blockers,Losartan tablet 50 mg,COVANCE,Ranbaxy Healthcare Ltd,Tablet,Hypertension,Dizziness,11.35,96,88.18,Risk of high potassium (hyperkalemia) with Potassium supplements or Spironolactone.,
146,Angiotensin II Receptor Blockers,Losartan tablet 50 mg,LOSACAR,Zydus Heathcare Ltd,Tablet,Hypertension,Dizziness,11.35,109,89.59,Risk of high potassium (hyperkalemia) with Potassium supplements or Spironolactone.,
147,Angiotensin II Receptor Blockers,Losartan tablet 50 mg,LOSAKIND,Mankind Pharmaceuticals Ltd,Tablet,Hypertension,Dizziness,11.35,58,80.43,Risk of high potassium (hyperkalemia) with Potassium supplements or Spironolactone.,
148,Angiotensin II Receptor Blockers,Telmisartan  Tablet 20 mg,ABTELMI 20 mg,Abbott Healthcare Ltd,Tablet,Hypertension,Back pain,11.35,41,72.32,Risk of high potassium (hyperkalemia) with Potassium supplements or Spironolactone.,
149,Angiotensin II Receptor Blockers,Telmisartan Tablet 20 mg,TELMIS,Elder Labs Ltd,Tablet,Hypertension,Back pain,11.35,106,89.29,Risk of high potassium (hyperkalemia) with Potassium supplements or Spironolactone.,
150,Angiotensin II Receptor Blockers,Telmisartan Tablet 20 mg,TELMISAT,Eris Lifescience Ltd,Tablet,Hypertension,Back pain,11.35,43,73.6,Risk of high potassium (hyperkalemia) with Potassium supplements or Spironolactone.,
151,Angiotensin II Receptor Blockers,Telmisartan Tablet 20 mg,TELMA,Glenmark Pharmaceuticals Ltd,Tablet,Hypertension,Back pain,11.35,60,81.08,Risk of high potassium (hyperkalemia) with Potassium supplements or Spironolactone.,
152,Angiotensin II Receptor Blockers,Telmisartan Tablet 20 mg,TELMIKIND,Mankind Pharmaceuticals Ltd,Tablet,Hypertension,Back pain,11.35,25,54.6,Risk of high potassium (hyperkalemia) with Potassium supplements or Spironolactone.,13.65
153,Angiotensin II Receptor Blockers,Telmisartan Tablet 20 mg,TELSARTAN,Dr. Reddy's Laboratories Ltd,Tablet,Hypertension,Back pain,11.35,62,81.69,Risk of high potassium (hyperkalemia) with Potassium supplements or Spironolactone.,
154,Beta Blockers,Atenolol tablet 50 mg,ATEN 50 mg,Zydus Lifesciences Ltd,Tablet,Hypertension,Bradycardia,7,38.72,81.93,May mask signs of low blood sugar; potential for slow heart rate with Digoxin.,
155,Beta Blockers,Atenolol tablet 50 mg,ATENOPRESS,Zydus Heathcare Ltd,Tablet,Hypertension,Bradycardia,7,27,74.07,May mask signs of low blood sugar; potential for slow heart rate with Digoxin.,
156,Beta Blockers,Atenolol tablet 50 mg,ATENOVA,Lupin Ltd,Tablet,Hypertension,Bradycardia,7,26,73.08,May mask signs of low blood sugar; potential for slow heart rate with Digoxin.,
157,Beta Blockers,Atenolol tablet 50 mg,BETACARD,Torrent Pharmaceuticals,Tablet,Hypertension,Bradycardia,7,39,82.05,May mask signs of low blood sugar; potential for slow heart rate with Digoxin.,
158,Beta Blockers,Atenolol tablet 50 mg,HIPRES,Cipla Ltd,Tablet,Hypertension,Bradycardia,7,29,75.86,May mask signs of low blood sugar; potential for slow heart rate with Digoxin.,
159,Beta Blockers,Metoprolol extended release tablet 50 mg,BETALOC 50 mg,AstraZeneca Pharma India Ltd,Tablet,Hypertension,Fatigue,10,177,94.35,May mask signs of low blood sugar; potential for slow heart rate with Digoxin.,
160,Beta Blockers,Metoprolol extended release tablet 50 mg,ABMETOP,Abbott Healthcare Ltd,Tablet,Hypertension,Fatigue,10,61,83.61,May mask signs of low blood sugar; potential for slow heart rate with Digoxin.,
161,Beta Blockers,Metoprolol extended release tablet 50 mg,METOPRIDE,Medichem Pharmaceutcals Ltd,Tablet,Hypertension,Fatigue,10,63,84.31,May mask signs of low blood sugar; potential for slow heart rate with Digoxin.,
162,Beta Blockers,Metoprolol extended release tablet 50 mg,METOPROLOL,Helios Pharmaceutics Ltd,Tablet,Hypertension,Fatigue,10,65,84.62,May mask signs of low blood sugar; potential for slow heart rate with Digoxin.,
163,Beta Blockers,Metoprolol extended release tablet 50 mg,MET XL,Ajanta Pharma Ltd,Tablet,Hypertension,Fatigue,10,124,91.91,May mask signs of low blood sugar; potential for slow heart rate with Digoxin.,
164,HMG- CoA reductase Inhibitor,Atorvastatin tablet 40 mg,LIPITAB 40 mg,HBC Life Sciences,Tablet,Hyperlipidemia,Muscle pain,21,178,88.2,Increased risk of muscle toxicity with Grapefruit juice or certain antibiotics (Erythromycin).,
165,HMG- CoA reductase Inhibitor,Atorvastatin tablet 40 mg,ATORVAST ,Concept bioscience Ltd ,Tablet,Hyperlipidemia,Muscle pain,21,40,47.4,Increased risk of muscle toxicity with Grapefruit juice or certain antibiotics (Erythromycin).,
166,HMG- CoA reductase Inhibitor,Atorvastatin tablet 40 mg,ATORVA,Zydus Heathcare Ltd,Tablet,Hyperlipidemia,Muscle pain,21,206,89.81,Increased risk of muscle toxicity with Grapefruit juice or certain antibiotics (Erythromycin).,
167,HMG- CoA reductase Inhibitor,Atorvastatin tablet 40 mg,LIPVAS,Cipla Ltd,Tablet,Hyperlipidemia,Muscle pain,21,206,89.81,Increased risk of muscle toxicity with Grapefruit juice or certain antibiotics (Erythromycin).,
168,HMG- CoA reductase Inhibitor,Atorvastatin tablet 40 mg,TONACT,Lupin Ltd,Tablet,Hyperlipidemia,Muscle pain,21,309,93.2,Increased risk of muscle toxicity with Grapefruit juice or certain antibiotics (Erythromycin).,
169,HMG- CoA reductase Inhibitor,Rosuvastatin tablet 40 mg,CRESTOR 40 mg,AstraZeneca Pharma India Ltd,Tablet,Hyperlipidemia,Headache,41.25,620,93.35,Increased risk of muscle toxicity with Grapefruit juice or certain antibiotics (Erythromycin).,
170,HMG- CoA reductase Inhibitor,Rosuvastatin tablet 40 mg,ROSUVAS,Ranbaxy Healthcare Ltd,Tablet,Hyperlipidemia,Headache,41.25,614,93.28,Increased risk of muscle toxicity with Grapefruit juice or certain antibiotics (Erythromycin).,
171,HMG- CoA reductase Inhibitor,Rosuvastatin tablet 40 mg,ROSEDAY,USV Pvt Ltd,Tablet,Hyperlipidemia,Headache,41.25,614,93.28,Increased risk of muscle toxicity with Grapefruit juice or certain antibiotics (Erythromycin).,
172,HMG- CoA reductase Inhibitor,Rosuvastatin tablet 40 mg,ROSAVEL,Sun Pharmaceuticals Ltd,Tablet,Hyperlipidemia,Headache,41.25,614,93.28,Increased risk of muscle toxicity with Grapefruit juice or certain antibiotics (Erythromycin).,
173,HMG- CoA reductase Inhibitor,Rosuvastatin tablet 40 mg,ROZAT,Dr. Reddy's Laboratories Ltd,Tablet,Hyperlipidemia,Headache,41.25,481,91.43,Increased risk of muscle toxicity with Grapefruit juice or certain antibiotics (Erythromycin).,
174,Antiplatelet Agents,Clopidogrel tablet 75 mg,PALVIX 75 mg,Emcure Pharmaceuticals,Tablet,Antiplatelet,Bleeding,18,97,81.44,"Serious bleeding risk with NSAIDs, Aspirin, and some antibiotics (Macrolides, Quinolones).",
175,Antiplatelet Agents,Clopidogrel tablet 75 mg,CLOPICARD,Cipla Ltd,Tablet,Antiplatelet,Bleeding,18,106,83.02,"Serious bleeding risk with NSAIDs, Aspirin, and some antibiotics (Macrolides, Quinolones).",
176,Antiplatelet Agents,Clopidogrel tablet 75 mg,CLOPILET,Sun Pharmaceuticals Ltd,Tablet,Antiplatelet,Bleeding,18,106,83.02,"Serious bleeding risk with NSAIDs, Aspirin, and some antibiotics (Macrolides, Quinolones).",
177,Antiplatelet Agents,Clopidogrel tablet 75 mg,CLOPITAB,Lupin Ltd,Tablet,Antiplatelet,Bleeding,18,106,83.02,"Serious bleeding risk with NSAIDs, Aspirin, and some antibiotics (Macrolides, Quinolones).",
178,Antiplatelet Agents,Clopidogrel tablet 75 mg,CLOPIVAS,Cipla Ltd,Tablet,Antiplatelet,Bleeding,18,100,82,"Serious bleeding risk with NSAIDs, Aspirin, and some antibiotics (Macrolides, Quinolones).",
179,Antiplatelet Agents,Warfarin tablet 5 mg,WARF 5 mg,Cipla Ltd,Tablet,Anticoagulant,Bleeding,17,77,77.92,"Serious bleeding risk with NSAIDs, Aspirin, and some antibiotics (Macrolides, Quinolones).",
180,Cardiac Glycosides,Digoxin tablet 0.25 mg,LANOXIN 0.25 mg,GlaxoSmithKline Pharmaceuticals Ltd,Tablet,Heart failure,Arrhythmia,9,15,40,"High risk of toxicity with Verapamil, Amiodarone, or Quinidine.",
181,Cardiac Glycosides,Digoxin tablet 0.25 mg,DIXIN,Samarth Lifescience Ltd,Tablet,Heart failure,Arrhythmia,9,15,40,"High risk of toxicity with Verapamil, Amiodarone, or Quinidine.",
182,Cardiac Glycosides,Digoxin tablet 0.25 mg,DIGON,TAS Med INDIA Ltd,Tablet,Heart failure,Arrhythmia,9,13,30.77,"High risk of toxicity with Verapamil, Amiodarone, or Quinidine.",
183,Loop Diuretics,Frusemide tablet 40 mg,LASIX 40 mg,Sanofi India Ltd,Tablet,Edema,Electrolyte imbalance,5,14.18,64.74,Consult a doctor for specific interactions. Generally avoid alcohol and check other meds.,
184,K Sparing Diuretics,Spironolactone tablet 25 mg,ALDACTONE 25 mg,Pfizer Ltd,Tablet,Edema,Hyperkalemia,21,35,40,"Generally safe; Iron/Calcium should be taken separately from some antibiotics (Quinolones, Tetracyclines).",
185,K Sparing Diuretics,Spironolactone tablet 25 mg,SPIRONOT,Care Formulation Lab Ltd,Tablet,Edema,Hyperkalemia,21,23,8.7,"Generally safe; Iron/Calcium should be taken separately from some antibiotics (Quinolones, Tetracyclines).",
186,K Sparing Diuretics,Spironolactone tablet 25 mg,ALDOBLOC,FDC Ltd,Tablet,Edema,Hyperkalemia,21,23,8.7,"Generally safe; Iron/Calcium should be taken separately from some antibiotics (Quinolones, Tetracyclines).",
187,Thiazide Diuretics,Hydrochlorothiazide Tablet 12.5 mg,AQUAZIDE 12.5 mg,Sun Pharmaceutical Industries Ltd,Tablet,Hypertension,Dehydration,5,12,58.33,Consult a doctor for specific interactions. Generally avoid alcohol and check other meds.,
188,Thiazide Diuretics,Hydrochlorothiazide Tablet 12.5 mg,HYDRAZDE,Cipla Ltd,Tablet,Hypertension,Dehydration,5,10,50,Consult a doctor for specific interactions. Generally avoid alcohol and check other meds.,
189,Thiazide Diuretics,Hydrochlorothiazide Tablet 12.5 mg,HYDRONOL,Knoll Healthcare,Tablet,Hypertension,Dehydration,5,11,54.55,Consult a doctor for specific interactions. Generally avoid alcohol and check other meds.,
190,Thiazide Diuretics,Hydrochlorothiazide Tablet 12.5 mg,BPZIDE,Stadmed Ltd,Tablet,Hypertension,Dehydration,5,11,54.55,Consult a doctor for specific interactions. Generally avoid alcohol and check other meds.,
191,Vasodilator,Nitroglycerin tablet 2.6 mg,NITRO G 2.6 mg,Knoll Healthcare,Tablet,Angina,Headache,50,180,72.22,Dangerous blood pressure drop if taken with Sildenafil or Tadalafil.,
192,Vasodilator,Nitroglycerin tablet 2.6 mg,NITROLONG,Mankind Pharmaceuticals Ltd,Tablet,Angina,Headache,50,229,78.17,Dangerous blood pressure drop if taken with Sildenafil or Tadalafil.,
193,Vasodilator,Nitroglycerin tablet 2.6 mg,MONIT GTN,Intas pharmaceuticals,Tablet,Angina,Headache,50,511,90.22,Dangerous blood pressure drop if taken with Sildenafil or Tadalafil.,
194,Vasodilator,Nitroglycerin tablet 2.6 mg,NITROCONTI,Modi Mundi Pharma Ltd,Tablet,Angina,Headache,50,384,86.98,Dangerous blood pressure drop if taken with Sildenafil or Tadalafil.,
195,Vasodilator,Nitroglycerin tablet 2.6 mg,CADITRIL,Leeford Healthcare,Capsule,Angina,Headache,50,67,25.37,Dangerous blood pressure drop if taken with Sildenafil or Tadalafil.,
196,Vasodilator,Isosorbide dinitrate 10 mg,ISORDIL 10 mg,IPCA Laboratories Ltd,Tablet,Angina,Hypotension,9,20,55,Dangerous blood pressure drop if taken with Sildenafil or Tadalafil.,
197,Proton Pump Inhibitor,Isosorbide dinitrate 10 mg,SORBITRATE,Abbott Healthcare Ltd,Tablet,Angina,Hypotension,9,43,79.07,Dangerous blood pressure drop if taken with Sildenafil or Tadalafil.,
198,Proton Pump Inhibitor,Pantoprazole tablet 40 mg,PANTOCID 40 mg,Sun Pharmaceutical Industries Ltd,Tablet,GERD,Headache ,12,195,93.85,can reduce absorption of drug requiring stomach acid eg.Ketoconazole,
199,Proton Pump Inhibitor,Pantoprazole tablet 40 mg,PANTOP,Aristo Pharmaceuticals Ltd,Tablet,GERD,Headache,12,159,92.45,can reduce absorption of drug requiring stomach acid eg.Ketoconazole,
200,Proton Pump Inhibitor,Pantoprazole tablet 40 mg,PANSEC,Cipla Ltd,Tablet,GERD,Headache,12,235,94.9,can reduce absorption of drug requiring stomach acid eg.Ketoconazole,
201,Proton Pump Inhibitor,Pantoprazole tablet 40 mg,PANTODAC,Zydus Heathcare Ltd,Tablet,GERD,Headache,12,236,94.92,can reduce absorption of drug requiring stomach acid eg.Ketoconazole,
202,Proton Pump Inhibitor,Pantoprazole tablet 40 mg,PANTAKIND,Mankind Pharmaceuticals Ltd,Tablet,GERD,Headache,12,80,85,can reduce absorption of drug requiring stomach acid eg.Ketoconazole,
203,Proton Pump Inhibitor,Omeprazole  capsule 20 mg,OMEZ 20 mg,Dr. Reddy's Laboratories Ltd,Capsule,GERD,Nausea,11,61,82,can reduce absorption of drug requiring stomach acid eg.Ketoconazole,
204,Proton Pump Inhibitor,Omeprazole capsule 20 mg,OMESEC,Ranbaxy Healthcare Ltd,Capsule,GERD,Nausea,11,31,64.52,can reduce absorption of drug requiring stomach acid eg.Ketoconazole,
205,Proton Pump Inhibitor,Omeprazole capsule 20 mg,OMECIP,Cipla Ltd,Capsule,GERD,Nausea,11,46,76.09,can reduce absorption of drug requiring stomach acid eg.Ketoconazole,
206,Proton Pump Inhibitor,Omeprazole capsule 20 mg,OSKAR,Mankind Pharmaceuticals Ltd,Capsule,GERD,Nausea,11,30,63.33,can reduce absorption of drug requiring stomach acid eg.Ketoconazole,
207,Proton Pump Inhibitor,Omeprazole capsule 20 mg,OCID,Zydus Heathcare Ltd,Capsule,GERD,Nausea,11,61,81.97,can reduce absorption of drug requiring stomach acid eg.Ketoconazole,
208,Proton Pump Inhibitor,Rabeprazole tablet 20 mg,REBLET 20 mg,Lupin Ltd,Tablet,GERD,Diarrhea,8,215,96,can reduce absorption of drug requiring stomach acid eg.Ketoconazole,
209,Proton Pump Inhibitor,Rabeprazole tablet 20 mg,ACIPAUSE,Medisun Pharma Ltd,Tablet,GERD,Diarrhea,8,61,86.89,can reduce absorption of drug requiring stomach acid eg.Ketoconazole,
210,Proton Pump Inhibitor,Rabeprazole tablet 20 mg,RABESEC,Cipla Ltd,Tablet,GERD,Diarrhea,8,102,92.16,can reduce absorption of drug requiring stomach acid eg.Ketoconazole,
211,Proton Pump Inhibitor,Rabeprazole tablet 20 mg,RABICENT,CRESCENT Formulations Ltd,Tablet,GERD,Diarrhea,8,118,93.22,can reduce absorption of drug requiring stomach acid eg.Ketoconazole,
212,Proton Pump Inhibitor,Rabeprazole tablet 20 mg,HAPPI,Zydus Heathcare Ltd,Tablet,GERD,Diarrhea,8,339,97.64,can reduce absorption of drug requiring stomach acid eg.Ketoconazole,
213,Prokinetic Agent,Domeperidone tablet 10 mg,DOMSTAL 10 mg,Torrent Pharmaceuticals,Tablet,Vomiting,Dry mouth ,4,25,84,Consult a doctor for specific interactions. Generally avoid alcohol and check other meds.,
214,Prokinetic Agent,Domeperidone tablet 10 mg,VOMISTOP,Cipla Ltd,Tablet,Vomiting,Dry mouth ,4,25,84,Consult a doctor for specific interactions. Generally avoid alcohol and check other meds.,
215,Prokinetic Agent,Domeperidone tablet 10 mg,GASTRACTIV,Janssen Pharmaceuticals Pvt Ltd,Tablet,Vomiting,Dry mouth ,4,23,82.61,Consult a doctor for specific interactions. Generally avoid alcohol and check other meds.,
216,Prokinetic Agent,Domeperidone tablet 10 mg,MOTINORM,Medley Pharmaceuticals,Tablet,Vomiting,Dry mouth ,4,24,83.33,Consult a doctor for specific interactions. Generally avoid alcohol and check other meds.,
217,Prokinetic Agent,Domeperidone tablet 10 mg,MOTILIUM M,Janssen Pharmaceuticals Pvt Ltd,Tablet,Vomiting,Dry mouth ,4,21,80.95,Consult a doctor for specific interactions. Generally avoid alcohol and check other meds.,
218,Antiemetic,Ondensetron tablet 4 mg , EMESET 4 mg,Cipla Ltd,Tablet,Nausea,Constipation,6,55,89,Consult a doctor for specific interactions. Generally avoid alcohol and check other meds.,
219,Antiemetic,Ondensetron tablet 4 mg,ONDEM,Alkem Laboratories Ltd,Tablet,Nausea,Constipation,6,55,89,Consult a doctor for specific interactions. Generally avoid alcohol and check other meds.,
220,Antiemetic,Ondensetron tablet 4 mg,ZOFER,Sun Pharmaceutical Industries Ltd,Tablet,Nausea,Constipation,6,54,88.89,Consult a doctor for specific interactions. Generally avoid alcohol and check other meds.,
221,Antiemetic,Ondensetron tablet 4 mg,ONDOC,Morphen Laboratories,Tablet,Nausea,Constipation,6,25,76,Consult a doctor for specific interactions. Generally avoid alcohol and check other meds.,
222,Antiemetic,Ondensetron tablet 4 mg,ONTIC,Corona Remedies,Tablet,Nausea,Constipation,6,51,88.24,Consult a doctor for specific interactions. Generally avoid alcohol and check other meds.,
223,Antidiarrheal,Loperamide capsule 2 mg,IMODIUM 2 mg,Janssen Pharmaceuticals Pvt Ltd,Capsule,Diarrhea,Constipation,8,16,50,Consult a doctor for specific interactions. Generally avoid alcohol and check other meds.,
224,Antidiarrheal,Loperamide capsule 2 mg,LOPAMIDE,Torrent Pharmaceuticals,Capsule,Diarrhea,Constipation,8,24,66.67,Consult a doctor for specific interactions. Generally avoid alcohol and check other meds.,
225,Antidiarrheal,Loperamide capsule 2 mg,LOMOFEN,RPG Lifescince Ltd,Capsule,Diarrhea,Constipation,8,120,93.33,Consult a doctor for specific interactions. Generally avoid alcohol and check other meds.,
226,Antidiarrheal,Loperamide capsule 2 mg,SESTIL,Vanguard Therapeutics Ltd,Capsule,Diarrhea,Constipation,8,24,66.67,Consult a doctor for specific interactions. Generally avoid alcohol and check other meds.,
227,Antidiarrheal,Loperamide capsule 2 mg,ROKO,Cipla Ltd,Capsule,Diarrhea,Constipation,8,24,66.67,Consult a doctor for specific interactions. Generally avoid alcohol and check other meds.,
228,Antiulcer,Sucralfate suspension 500 mg/ 5ml,SUCRAFIL,Fortss India Laboratories ,Suspension,Ulcer,Constipation,72,199,64,Consult a doctor for specific interactions. Generally avoid alcohol and check other meds.,
229,Antiulcer,Sucralfate suspension 500 mg/ 5ml,SPARACID,Dr. Reddy's Laboratories Ltd,Suspension,Ulcer,Constipation,72,108,33.33,Consult a doctor for specific interactions. Generally avoid alcohol and check other meds.,
230,Antiulcer,Sucralfate suspension 500 mg/ 5ml,COATZ,Mankind Pharmaceuticals Ltd,Suspension,Ulcer,Constipation,72,220,67.27,Consult a doctor for specific interactions. Generally avoid alcohol and check other meds.,
231,Antiulcer,Sucralfate suspension 500 mg/ 5ml,SUCRACE O,Zydus Heathcare Ltd,Suspension,Ulcer,Constipation,72,355,79.72,Consult a doctor for specific interactions. Generally avoid alcohol and check other meds.,
232,H2 Antagonist ,Ranitidine tablet 150 mg,RANTAC 150 mg,JB Chemicals and Pharmaceuticals,Tablet,Ulcer,Headache,10,51,80.39,can reduce absorption of drug requiring stomach acid eg.Ketoconazole,
233,H2 Antagonist ,Ranitidine tablet 150 mg,ACILOC,Cadila Pharmaceuticals,Tablet,Ulcer,Headache,10,50,80,can reduce absorption of drug requiring stomach acid eg.Ketoconazole,
234,H2 Antagonist ,Ranitidine tablet 150 mg,MONORIN,Alembic Pharmaceuticals,Tablet,Ulcer,Headache,10,38,73.68,can reduce absorption of drug requiring stomach acid eg.Ketoconazole,
235,H2 Antagonist ,Ranitidine tablet 150 mg,R-LOC,Zydus Heathcare Ltd,Tablet,Ulcer,Headache ,10,46,78.26,can reduce absorption of drug requiring stomach acid eg.Ketoconazole,
236,H2 Antagonist ,Ranitidine tablet 150 mg,RETIVA,Leeford Healthcare,Tablet,Ulcer,Headache,10,38,73.68,can reduce absorption of drug requiring stomach acid eg.Ketoconazole,
237,CNS Depressant,Diazepam tablet 5 mg,VALIUM 5,Abbott India Ltd,Tablet,Anxiety,Drowsiness,6,18,66,Excessive sedation and feeling difficulti with alcohol or opioid pain killer,
238,CNS Depressant,Diazepam tablet 5 mg,CALMPOSE,Ranbaxy Healthcare Ltd,Tablet,Anxiety,Drowsiness,6,16,62.5,Excessive sedation and feeling difficulti with alcohol or opioid pain killer,
239,CNS Depressant,Diazepam tablet 5 mg,PAXUM,East India Pharmaceutical Ltd,Tablet,Anxiety,Drowsiness,6,16,62.5,Excessive sedation and feeling difficulti with alcohol or opioid pain killer,
240,CNS Depressant,Diazepam tablet 5 mg,SHIPAM,Shine Pharmaceuticals Ltd,Tablet,Anxiety,Drowsiness,6,17,64.71,Excessive sedation and feeling difficulti with alcohol or opioid pain killer,
241,CNS Depressant,Alprazolam tablet 0.5 mg,ANXIT 0.5mg,Micro Labs Ltd,Tablet,Anxiety,Sedation,8,52,84.62,Excessive sedation and feeling difficulti with alcohol or opioid pain killer,
242,CNS Depressant,Alprazolam tablet 0.5 mg,ALZOLAM,Sun Pharmaceutical  Ltd,Tablet,Anxiety,Sedation,8,48,83.33,Excessive sedation and feeling difficulti with alcohol or opioid pain killer,
243,CNS Depressant,Alprazolam tablet 0.5 mg,ALPRAX,Torrent Pharmaceuticals,Tablet,Anxiety,Sedation,8,81,90.12,Excessive sedation and feeling difficulti with alcohol or opioid pain killer,
244,CNS Depressant,Alprazolam tablet 0.5 mg,ZOLAM,Stadmed Ltd,Tablet,Anxiety,Sedation,8,46,82.61,Excessive sedation and feeling difficulti with alcohol or opioid pain killer,
245,CNS Depressant,Alprazolam tablet 0.5 mg,ALZOMAX,Kamron Laboratories,Tablet,Anxiety,Sedation,8,14,42.86,Excessive sedation and feeling difficulti with alcohol or opioid pain killer,
246,CNS Depressant,Clonazepam tablet 1 mg,CLONOTRIL 1 mg,Torrent Pharmaceuticals,Tablet,Seizure,Drowsiness,9,77,88.31,Excessive sedation and feeling difficulti with alcohol or opioid pain killer,
247,CNS Depressant,Clonazepam tablet 1 mg,LONAZEP,Sun Pharmaceutical  Ltd,Tablet,Seizure,Drowsiness,9,51,82.35,Excessive sedation and feeling difficulti with alcohol or opioid pain killer,
248,CNS Depressant,Clonazepam tablet 1 mg,MELZAP,Alkem Laboratories Ltd,Tablet,Seizure,Drowsiness,9,51,82.35,Excessive sedation and feeling difficulti with alcohol or opioid pain killer,
249,CNS Depressant,Clonazepam tablet 1 mg,ZAPIZ,Intas pharmaceuticals,Tablet,Seizure,Drowsiness,9,76,88.16,Excessive sedation and feeling difficulti with alcohol or opioid pain killer,
250,CNS Depressant,Clonazepam tablet 1 mg,PETRIL,Micro Labs Ltd,Tablet,Seizure,Drowsiness,9,75,88,Excessive sedation and feeling difficulti with alcohol or opioid pain killer,
251,Tricyclic Antidepressant,Amitryptyline hydrochloride tablet 25 mg,TRYPTOMER 25 mg,Dr. Reddy's Laboratories Ltd,Tablet,Depression,Dry mouth ,9,80,88.75,Risk of serotonin Syndrome with MAOI'S ; Avoid alcohol.,
252,Tricyclic Antidepressant,Amitryptyline hydrochloride tablet 25 mg,TRYPTINOL,Knoll Heakthcare Ltd,Tablet,Depression,Dry mouth ,9,24,62.5,Risk of serotonin Syndrome with MAOI'S ; Avoid alcohol.,
253,Tricyclic Antidepressant,Amitryptyline hydrochloride tablet 25 mg,EMELTRIP,Medico Labs,Tablet,Depression,Dry mouth ,9,25,64,Risk of serotonin Syndrome with MAOI'S ; Avoid alcohol.,
254,Tricyclic Antidepressant,Amitryptyline hydrochloride tablet 25 mg,TRIPTAZ,Linux Laboratories,Tablet,Depression,Dry mouth ,9,25,64,Risk of serotonin Syndrome with MAOI'S ; Avoid alcohol.,
255,Tricyclic Antidepressant,Amitryptyline hydrochloride tablet 25 mg,ELIWEL,Sun Pharmaceutical  Ltd,Tablet,Depression,Dry mouth ,9,27,66.67,Risk of serotonin Syndrome with MAOI'S ; Avoid alcohol.,
256,Antipsychotic,Olanzapine tablet 10 mg ,Oleanz 10 mg,Sun Pharmaceutical Industries Ltd,Tablet,Schizophrenia,Weight gain,9,110,91.82,Increase drowsiness with alcohol ; Potential for movement disorder ,
257,Antipsychotic,Olanzapine tablet 10 mg,OLEXAR,Cipla Ltd,Tablet,Schizophrenia,Weight gain,9,47,80.85,Increase drowsiness with alcohol ; Potential for movement disorder,
258,Antipsychotic,Olanzapine tablet 10 mg,OLIZA,Intas pharmaceuticals,Tablet,Schizophrenia,Weight gain,9,154,94.16,Increase drowsiness with alcohol ; Potential for movement disorder,
259,Antipsychotic,Olanzapine tablet 10 mg,OLTHA,Shine Pharmaceuticals Ltd,Tablet,Schizophrenia,Weight gain,9,66,86.36,Increase drowsiness with alcohol ; Potential for movement disorder,
260,Antipsychotic,Olanzapine tablet 10 mg,OZATEX,Emcure Pharmaceuticals Ltd,Tablet,Schizophrenia,Weight gain,9,64,85.94,Increase drowsiness with alcohol ; Potential for movement disorder,
261,Antipsychotic,Risperidone tablet 4mg,RISPERIDAL 4mg ,Janssen Pharmaceuticals Pvt Ltd,Tablet,Psychosis,Sedation,8,230,96.52,Increase drowsiness with alcohol ; Potential for movement disorder ,
262,Antipsychotic,Risperidone tablet 4mg,RISNIA,Cipla Ltd,Tablet,Psychosis,Sedation,8,65,87.69,Increase drowsiness with alcohol ; Potential for movement disorder,
263,Antipsychotic,Risperidone tablet 4mg,REPADONE,Shine Pharmaceuticals Ltd,Tablet,Psychosis,Sedation,8,77,89.61,Increase drowsiness with alcohol ; Potential for movement disorder,
264,Antipsychotic,Risperidone tablet 4mg,RISDONE,Intas pharmaceuticals,Tablet,Psychosis,Sedation,8,78,89.74,Increase drowsiness with alcohol ; Potential for movement disorder,
265,Antipsychotic,Risperidone tablet 4mg,SIZODON,Sun Pharmaceutical  Ltd,Tablet,Psychosis,Sedation,8,78,89.74,Increase drowsiness with alcohol ; Potential for movement disorder,
266,Antimanic Agent,Lithium carbonate tablet 300 mg ,LITHOSUN,Sun Pharmaceutical Industries Ltd,Tablet,Bipolar disorder,Tremor ,10,27,63,"Risk of toxicity with NSAID, Diuretics.",
267,Antimanic Agent,Lithium carbonate tablet 300 mg,LITHEX,Shine Pharmaceuticals Ltd,Tablet,Bipolar disorder,Tremor ,10,16,37.5,"Risk of toxicity with NSAID, Diuretics.",
268,Antimanic Agent,Lithium carbonate tablet 300 mg,INTALITH,Intas pharmaceuticals,Tablet,Bipolar disorder,Tremor ,10,17,41.18,"Risk of toxicity with NSAID, Diuretics.",
269,Antimanic Agent,Lithium carbonate tablet 300 mg,LICAB,Torrent Pharmaceuticals,Tablet,Bipolar disorder,Tremor ,10,26,61.54,"Risk of toxicity with NSAID, Diuretics.",
270,Antimanic Agent,Lithium carbonate tablet 300 mg,LITHOCENT,Crescent Pharmaceuticals,Tablet,Bipolar disorder,Tremor ,10,18,44.44,"Risk of toxicity with NSAID, Diuretics.",
271,H1 Antagonist,Cetrizine  tablet 10 mg, CETZINE10 mg,Dr. Reddy's Laboratories Ltd,Tablet,Allergy,Drowsiness,13,18,27.78,Increase drowsiness with alcohol,
272,H1 Antagonist,Cetrizine tablet 10 mg,ALERGIN,Cipla Ltd,Tablet,Allergy,Drowsiness,13,15,13.33,Increase drowsiness with alcohol,
273,H1 Antagonist,Cetrizine tablet 10 mg,AVIL NU,Sanofi India Ltd,Tablet,Allergy,Drowsiness,13,17,23.53,Increase drowsiness with alcohol,
274,H1 Antagonist,Cetrizine tablet 10 mg,MYCET,Morepen Laboratories,Tablet,Allergy,Drowsiness,13,17,23.53,Increase drowsiness with alcohol,
275,H1 Antagonist,Cetrizine tablet 10 mg,COPE,Mankind Pharmaceuticals,Tablet,Allergy,Drowsiness,13,18,27.78,Increase drowsiness with alcohol,
276,Leukotriene Receptor Antagonist,Montelukast tablet 10 mg,MONTAIR 10 mg,Cipla Ltd,Tablet,Asthma,Headache,19,263,92.77,Consult a doctor for specific interactions. Generally avoid alcohol and check other meds.,
277,Leukotriene Receptor Antagonist,Montelukast tablet 10 mg,MONTEK,Sun Pharmaceutical  Ltd,Tablet,Asthma,Headache,19,175,89.14,Consult a doctor for specific interactions. Generally avoid alcohol and check other meds,
278,Leukotriene Receptor Antagonist,Montelukast tablet 10 mg,TELEKAST,Lupin Ltd,Tablet,Asthma,Headache,19,175,89.14,Consult a doctor for specific interactions. Generally avoid alcohol and check other meds,
279,Leukotriene Receptor Antagonist,Montelukast tablet 10 mg,ODIMONT,Zydus Healthcare Ltd,Tablet,Asthma,Headache,19,175,89.14,Consult a doctor for specific interactions. Generally avoid alcohol and check other meds,
280,Leukotriene Receptor Antagonist,Montelukast tablet 10 mg,ROMILAST,RPG Life Sciences,Tablet,Asthma,Headache,19,263,92.77,Consult a doctor for specific interactions. Generally avoid alcohol and check other meds,
281,Beta Blocker,Salbutamol tablet 4 mg,ASTHALIN 4 mg,Cipla Ltd,Tablet,Asthma,Tremor ,2,8,75,Theophylline interact with caffeine and Quinolone antibiotic,
282,Beta Blocker,Salbutamol tablet 4 mg,SALBUTAMOL,Pfizer Ltd,Tablet,Asthma,Tremor ,2,3,33.33,Theophylline interact with caffeine and Quinolone antibiotic,
283,Beta Blocker,Salbutamol tablet 4 mg,SALBUTAMOL,Cipla Ltd,Tablet,Asthma,Tremor ,2,3,33.33,Theophylline interact with caffeine and Quinolone antibiotic,
284,Beta Blocker,Salbutamol tablet 4 mg,SALBETOL,FDC Ltd,Tablet,Asthma,Tremor ,2,4,50,Theophylline interact with caffeine and Quinolone antibiotic,
285,Glucocorticoid,Budesonide inhalation 100 mcg,BUDECORT 100 mcg ,Cipla Ltd,Inhaler,Asthma,Throat irritation,115,300,61.67,Consult a doctor for specific interactions. Generally avoid alcohol and check other meds.,
286,Glucocorticoid,Budesonide inhalation 100 mcg,BUDATE,Lupin Ltd,Inhaler,Asthma,Throat irritation,115,300,61.67,Consult a doctor for specific interactions. Generally avoid alcohol and check other meds.,
287,Glucocorticoid,Budesonide inhalation 100 mcg,BUDEFLAM HFA,Cipla Ltd,Inhaler,Asthma,Throat irritation,115,475,75.79,Consult a doctor for specific interactions. Generally avoid alcohol and check other meds.,
288,Glucocorticoid,Budesonide inhalation 100 mcg,DERINIDE,Zydus Healthcare Ltd,Inhaler,Asthma,Throat irritation,115,315,63.49,Consult a doctor for specific interactions. Generally avoid alcohol and check other meds.,
289,Glucocorticoid,Hydrocortisone sodium succinate injectn 100 mg ,HYDROCORT 100 mg,Abbott India Ltd,Injection,Inflammation ,weight gain,20,50,60,"May increase blood sugar ,increase risk of Stomach ulcer with NSAID",
290,Glucocorticoid,Hydrocortisone sodium succinate injectn 100 mg,LABOCORT,Laborate Pharmaceuticals ,Injection,Inflammation ,Weight gain,20,43,53.49,"May increase blood sugar ,increase risk of Stomach ulcer with NSAID",
291,Glucocorticoid,Hydrocortisone sodium succinate injectn 100 mg,PILCORT H,Psychotropic India Ltd,Injection,Inflammation ,Weight gain,20,47,57.45,"May increase blood sugar ,increase risk of Stomach ulcer with NSAID",
292,Glucocorticoid,Hydrocortisone sodium succinate injectn 100 mg,PRIMACORT,Macleod Pharmaceuticals,Injection,Inflammation ,Weight gain,20,47,57.45,"May increase blood sugar ,increase risk of Stomach ulcer with NSAID",
293,Glucocorticoid,Hydrocortisone sodium succinate injectn 100 mg,ALKEMCORT H,Alkem Laboratories Ltd,Injection,Inflammation ,Weight gain,20,47,57.45,"May increase blood sugar ,increase risk of Stomach ulcer with NSAID",
294,Glucocorticoid,Hydrocortisone sodium succinate injectn 100 mg,CORT S,Neon Laboratories Ltd,Injection,Inflammation ,Weight gain,20,48,58.33,"May increase blood sugar ,increase risk of Stomach ulcer with NSAID",
295,Nutritional Supplement,Vitamin C ,LIMCEE,Abbott India Ltd,Tablet,Inflammation ,Weight gain,10,43,76.74,High doses of Vitamin C may reduce anticoagulant effect and reduce effectiveness of HIV therapy,
296,Nutritional Supplement,Vitamin C,CELIN,KOIE Pharmaceutical ,Tablet,Inflammation ,Weight gain,10,41,75.61,High doses of Vitamin C may reduce anticoagulant effect and reduce effectiveness of HIV therapy,
297,Nutritional Supplement,Vitamin C,IMMUGARD C,Aristo Pharmaceuticals,Tablet,Inflammation ,weight gain,10,75,86.67,High doses of Vitamin C may reduce anticoagulant effect and reduce effectiveness of HIV therapy,
298,Nutritional Supplement,Vitamin C,CEVITIN,East West Pharmaceutical,Tablet,Inflammation ,weight gain,10,55,81.82,High doses of Vitamin C may reduce anticoagulant effect and reduce effectiveness of HIV therapy,
299,Nutritional Supplement,Vitamin C,C ZAD,Ergos Lifescience Ltd,Tablet,Inflammation ,Weight gain,10,80,87.5,High doses of Vitamin C may reduce anticoagulant effect and reduce effectiveness of HIV therapy,
300,Nutritional Supplement,Vitamin C,C BOOSTER,British Biological Ltd,Tablet,Inflammation ,weight gain,10,190,94.74,High doses of Vitamin C may reduce anticoagulant effect and reduce effectiveness of HIV therapy,
